{
  "2026-05-11": {
    "signals": {
      "categories": {
        "Layer 1": {
          "change_7d_%": 11.18,
          "change_24h_%": 0.23482015885382254
        },
        "AI Crypto": {
          "change_7d_%": 10.51,
          "change_24h_%": 1.2208459626969959
        },
        "DeFi": {
          "change_7d_%": 10.31,
          "change_24h_%": 0.6502772371652885
        },
        "RWA": {
          "change_7d_%": 37.73,
          "change_24h_%": -0.9047134547128638
        },
        "SOL Ecosystem": {
          "change_7d_%": 23.55,
          "change_24h_%": null
        },
        "Meme Coins": {
          "change_7d_%": 6.39,
          "change_24h_%": -0.13643903092517584
        },
        "Privacy": {
          "change_7d_%": 19.46,
          "change_24h_%": -2.3563762464599933
        },
        "Stablecoins": {
          "change_7d_%": -0.0,
          "change_24h_%": 0.12975304459310116
        },
        "Liquid Staking": {
          "change_7d_%": null,
          "change_24h_%": 0.39144714098051786
        },
        "DePin": {
          "change_7d_%": 18.66,
          "change_24h_%": 0.4511632716671352
        }
      },
      "notable_coins": {
        "TON": {
          "change_7d_%": 65.68,
          "change_30d_%": 77.07,
          "rank": 20,
          "fees_24h": 4684,
          "tvl": null
        },
        "JUP": {
          "change_7d_%": 41.22,
          "change_30d_%": 57.71,
          "rank": 81,
          "fees_24h": null,
          "tvl": 997018302.8600001
        },
        "ONDO": {
          "change_7d_%": 37.73,
          "change_30d_%": 69.22,
          "rank": 45,
          "fees_24h": null,
          "tvl": 2771544821.8029733
        },
        "SUI": {
          "change_7d_%": 35.53,
          "change_30d_%": 37.28,
          "rank": 23,
          "fees_24h": 21071,
          "tvl": null
        },
        "NEAR": {
          "change_7d_%": 20.96,
          "change_30d_%": 16.74,
          "rank": 46,
          "fees_24h": 1169,
          "tvl": null
        }
      }
    },
    "brief_summary": "Here is the full analysis for **May 11, 2026**:\n\n---\n\n# 0. \ud83e\udde0 EXECUTIVE SUMMARY\n\n- **BTC at $80,711**, holding between Fib 50% support ($82,756) and 61.8% support ($77,446) \u2014 constructive recovery from extreme fear lows, but still 36% below ATH; needs $83K+ close to shift structure bullish.\n- **RWA is the week's dominant rotation** (+37.7% 7d), led by ONDO (+37.7% 7d, +69% 30d) with $2.77B TVL \u2014 tokenization thesis gaining institutional traction via BlackRock BUIDL (TVL +5.8% 7d) and Coinbase/Centrifuge partnership.\n- **Biggest risk:** \nAnalysts flagged a potential BTC technical breakdown towar"
  }
}